,images/Abdullah_al-Attiyah_0001.jpg,images/Abdullah_al-Attiyah_0002.jpg,images/Abdullah_al-Attiyah_0003.jpg,images/face_1.jpg,images/face_2.jpg
0,"tensor([ 7.3802e-02, -7.5669e-02, -5.6437e-02,  8.7387e-02, -9.8773e-02,
        -6.4418e-02, -1.6769e-02,  2.5763e-02,  1.0188e-02,  4.6239e-03,
        -8.0039e-04,  3.6705e-02,  7.3986e-03,  2.1189e-02, -4.2896e-02,
         2.7518e-03,  1.4739e-02,  1.6956e-02, -9.0645e-02,  6.3581e-02,
         2.6401e-02,  2.0918e-02,  3.2959e-02,  1.7544e-03, -4.0662e-02,
         3.8222e-02,  5.3711e-02, -2.3208e-02, -1.3145e-02,  2.0085e-02,
         2.2544e-02,  8.0288e-03,  8.3226e-02,  3.9992e-02,  6.0706e-03,
         3.7440e-03,  1.2527e-01,  2.2971e-02,  1.8088e-02,  6.2431e-02,
        -9.4832e-02,  1.6819e-02,  2.5500e-02,  2.1060e-02,  2.6034e-02,
        -4.9772e-02,  1.0030e-02, -2.2877e-02, -6.2213e-02, -1.9444e-02,
         1.5457e-03, -3.6313e-02,  9.4718e-03,  1.9105e-02,  2.0923e-02,
         5.0030e-02,  3.6462e-03,  4.9453e-02, -5.3428e-03,  2.2950e-02,
        -3.2229e-02, -6.9828e-02,  5.4889e-02, -1.0111e-01, -7.4001e-02,
        -1.6407e-02, -1.2324e-02, -6.3870e-02, -8.1405e-02, -6.2654e-02,
         6.6753e-02, -2.2791e-02, -8.0070e-02, -1.4697e-02,  1.0197e-02,
        -4.6690e-03,  7.0772e-04,  4.9594e-02, -1.7668e-02,  1.0310e-02,
        -5.6289e-02,  5.0474e-02,  2.7839e-02, -5.1766e-02,  4.6487e-02,
        -1.2020e-04,  1.4640e-02, -5.3324e-03,  4.6237e-02,  3.1457e-02,
         1.8939e-03, -5.0730e-03, -2.6094e-02,  1.3539e-02,  2.6375e-02,
         1.4868e-02,  4.2817e-02,  6.7339e-02,  5.1864e-02, -2.2924e-02,
         6.3576e-02, -7.3906e-02, -2.0181e-02,  8.7524e-03, -3.4267e-02,
        -4.3783e-02, -1.6292e-02, -1.7443e-02, -1.3997e-02, -7.6436e-02,
        -6.7080e-03,  4.1192e-02,  1.8329e-02,  2.7762e-02, -3.7942e-02,
        -2.7003e-02,  9.5415e-02, -9.6163e-03, -1.6085e-02, -4.2831e-02,
        -4.2894e-02, -4.7999e-03, -6.6581e-02, -6.5503e-02, -4.4102e-02,
         7.1707e-03, -1.4981e-01, -6.0540e-02,  7.0577e-02, -1.6308e-03,
        -2.9375e-02, -2.3615e-02, -3.2431e-03,  1.0119e-01, -1.0754e-02,
         6.3729e-03, -6.9266e-02, -1.3840e-02,  3.4727e-02,  6.0356e-03,
        -3.6391e-02, -2.0965e-02,  7.5152e-02, -2.8874e-02, -8.5673e-02,
        -1.0030e-02,  8.9101e-03,  6.1310e-03,  5.9367e-02,  1.1733e-01,
        -6.9845e-03, -1.1766e-02,  5.5238e-03,  1.5456e-02, -4.3300e-02,
        -1.2782e-01, -3.4968e-02,  5.2795e-02,  2.5559e-02,  2.1891e-02,
        -8.1156e-02,  9.1352e-02, -3.4732e-02, -3.6789e-02, -4.6587e-03,
         4.6705e-02, -8.5094e-02,  1.7578e-02,  1.9716e-02,  3.5269e-02,
         6.7801e-03,  2.6820e-02,  7.7854e-02,  3.2125e-02,  2.7325e-02,
         1.5948e-02, -3.1931e-02, -5.0447e-02,  3.7114e-02, -5.7597e-03,
        -5.2674e-02, -8.5981e-03,  5.2250e-02,  3.5519e-03, -4.2197e-02,
         2.0963e-02,  1.5813e-02,  2.1866e-04, -2.1403e-02,  5.4742e-02,
         2.0856e-02, -3.9507e-02,  1.5784e-02, -3.7410e-02,  3.2303e-02,
        -1.4285e-02,  3.9424e-02,  3.5923e-02, -5.3403e-02, -2.4828e-02,
         3.5571e-02,  1.2678e-02,  1.8223e-02, -2.5773e-02, -7.7711e-02,
         8.4053e-03,  5.1378e-02, -5.5397e-02,  7.9059e-02, -3.2412e-02,
         2.6774e-02, -7.9348e-02,  4.4815e-02,  1.0660e-01,  1.8433e-02,
         2.4582e-02,  4.6087e-03,  4.8788e-02, -1.3060e-03,  4.1251e-02,
         2.1010e-02, -1.2720e-02,  2.0965e-03,  4.1863e-02,  6.0979e-02,
         5.0619e-02, -2.5187e-02,  6.4284e-02,  7.2196e-03,  1.0190e-01,
        -5.4386e-02,  2.0632e-02,  9.0391e-02,  7.2594e-03, -1.6647e-02,
         7.0600e-02,  5.3074e-03,  1.4620e-02, -6.7741e-03, -1.0292e-02,
        -3.0379e-02, -2.2461e-02,  2.5687e-02, -3.0628e-02, -2.6309e-02,
         8.2411e-02,  1.8764e-02,  3.9697e-02, -5.5371e-02,  2.8403e-02,
        -2.8612e-03,  3.0907e-02,  9.6246e-03,  5.6707e-02, -1.4078e-02,
         2.4459e-02, -1.1362e-02,  4.2673e-02, -4.4277e-02, -3.3466e-02,
         1.9172e-02, -6.8075e-02,  8.6612e-04, -1.1205e-02, -1.0182e-02,
        -4.8665e-02, -4.3782e-02,  7.6790e-03, -1.9651e-02,  4.8768e-02,
         8.4418e-03, -3.6382e-02, -1.8128e-03, -4.7531e-03, -7.1377e-02,
         3.6438e-02, -6.9597e-03,  2.8929e-02,  8.8238e-03,  5.1223e-02,
         3.1260e-02, -1.4030e-02,  1.0650e-01, -1.2101e-02,  8.7086e-03,
         5.8920e-03,  1.2079e-02,  9.3014e-03,  2.5660e-02,  1.7763e-03,
        -5.0380e-02, -1.3788e-02,  5.9045e-02,  4.3481e-02,  8.7675e-03,
        -3.7165e-02, -2.3492e-02,  5.3221e-02,  3.6245e-02, -5.8395e-02,
        -6.6853e-03, -1.1488e-01, -7.1526e-02,  7.2708e-02,  1.6153e-02,
         1.0364e-02, -5.2588e-02, -2.1872e-02, -5.0964e-02, -2.5133e-02,
        -1.6426e-02,  8.9863e-03,  9.7191e-03, -6.2840e-02,  7.6252e-03,
         6.0575e-02,  9.7350e-02, -1.0713e-02, -4.5121e-02, -3.1757e-03,
         7.6627e-02, -6.1898e-02,  1.8270e-02, -2.2336e-02,  8.2572e-02,
        -3.7801e-02, -3.4283e-02, -3.1706e-02, -1.3179e-03,  1.3394e-02,
         6.3105e-03, -8.9810e-03,  7.1504e-03,  2.1209e-02, -2.1788e-02,
        -4.8107e-02, -4.3371e-02, -7.0672e-03,  1.6777e-02, -2.1466e-03,
         7.9473e-02, -1.2650e-02, -5.5546e-02, -8.0716e-02,  7.5984e-02,
         9.9485e-02, -4.3401e-02, -1.5526e-02,  3.7582e-03, -5.5803e-02,
        -3.7916e-02,  4.0010e-02, -7.5114e-02, -2.7080e-02,  6.4065e-02,
        -3.9151e-02, -3.6191e-02, -3.7474e-02,  6.3909e-03, -1.5492e-02,
        -1.1582e-01, -4.8093e-02,  3.4153e-02,  2.0174e-03, -1.0740e-02,
         4.0192e-02,  6.5120e-02, -8.1773e-03, -6.7252e-02,  4.4684e-02,
        -2.3154e-02, -5.2733e-02,  5.3576e-02,  1.0094e-02, -4.8131e-02,
         7.8478e-02,  1.3823e-02,  2.0873e-03, -9.6096e-02,  7.7125e-03,
        -2.5389e-03,  8.6652e-02, -1.7728e-02,  3.0367e-02,  4.5637e-02,
         1.1010e-02,  1.0797e-02,  3.5565e-02, -3.8660e-02,  2.4634e-02,
        -4.1233e-02, -8.4361e-03, -3.4759e-02, -5.8230e-02,  2.6166e-02,
         3.6787e-02, -4.0791e-03,  1.5742e-02,  6.7576e-02,  1.4656e-02,
         4.9982e-02,  1.3978e-03, -2.5313e-02, -5.6145e-02, -1.6694e-02,
         3.8379e-02,  5.0073e-02,  2.7698e-03,  5.6871e-02, -1.2802e-01,
         7.5289e-03, -3.9055e-03,  7.2398e-02, -1.7225e-02, -4.5439e-02,
         1.1232e-01,  2.4217e-03,  8.8073e-02, -1.9914e-02,  2.3516e-02,
        -9.6077e-02, -9.7056e-03, -4.2029e-02, -1.3832e-02, -8.2319e-03,
        -7.3843e-02,  2.4999e-02, -4.6680e-02,  1.6563e-02, -1.5711e-03,
         4.0588e-02,  3.8751e-02, -5.1005e-02, -8.9692e-02,  6.1033e-02,
         7.9109e-02,  3.4645e-02, -3.6834e-02,  2.1587e-02,  1.2238e-02,
         2.0194e-02, -5.9861e-02,  2.6365e-02, -3.7947e-02,  3.3529e-03,
         4.6193e-02,  2.0809e-02,  5.4314e-02,  2.2155e-02, -4.7105e-02,
        -4.2188e-02, -3.6035e-02, -1.0417e-02,  5.7606e-03,  2.2844e-02,
        -1.7648e-02,  4.7515e-02, -2.7650e-02,  2.0014e-02,  5.1554e-02,
        -8.5832e-03, -2.1811e-02, -4.9467e-02, -6.9328e-02, -2.6714e-02,
        -2.2469e-02, -1.2853e-03,  2.0736e-02, -1.9121e-02, -5.0428e-02,
         5.1976e-02, -2.8929e-02, -5.6650e-02, -4.3492e-02,  2.1490e-02,
         5.3510e-02,  1.2108e-02,  4.2743e-02, -1.4286e-02, -2.1200e-02,
        -4.3165e-02, -2.3432e-02,  6.9308e-03,  9.0070e-03,  2.2813e-02,
        -3.7710e-02, -4.5845e-02, -3.4410e-02,  1.0445e-02,  1.8600e-02,
         6.0811e-02, -8.2595e-03,  1.7304e-02, -5.5040e-03, -1.7827e-02,
        -2.3517e-02,  4.6307e-02, -2.0827e-03, -1.1548e-02, -7.9701e-03,
        -4.2773e-02, -7.5505e-02, -2.4976e-02,  1.2104e-02,  3.4652e-02,
        -8.0224e-02,  2.5560e-02,  2.7126e-02, -2.3371e-02,  3.1038e-02,
         7.3560e-02,  2.3277e-02])","tensor([ 6.5443e-02, -2.5421e-02, -5.0037e-02, -2.7361e-02, -7.0034e-02,
        -3.7820e-02,  8.7769e-04,  2.3195e-02,  8.0574e-02,  1.1117e-02,
        -5.6831e-02,  1.1247e-02,  1.6176e-03,  6.8757e-02,  1.5389e-02,
         2.7370e-02,  2.7953e-02,  6.3199e-04, -4.0949e-02,  7.4029e-02,
         1.2544e-02, -1.2595e-04,  4.3613e-02, -7.1624e-03, -6.6128e-03,
         3.7862e-03,  8.6543e-03, -1.1863e-02, -6.7056e-02,  2.2614e-02,
         1.1092e-02, -1.2305e-02,  3.0406e-02,  1.4857e-02, -1.5733e-02,
        -2.7207e-02,  2.0801e-02,  9.0762e-02, -5.1105e-02, -9.2840e-02,
        -1.9277e-02, -1.7664e-02,  2.3593e-02, -6.9080e-03,  4.7045e-02,
         1.3029e-02, -5.8181e-03, -1.3827e-02, -6.0249e-02, -1.2392e-02,
        -1.4051e-02, -1.5202e-02,  2.9637e-02,  4.8189e-03, -5.0508e-02,
         1.9727e-02,  7.2034e-02,  3.2169e-02,  3.5388e-03, -4.7045e-02,
         3.2894e-02, -3.9322e-03,  9.0361e-03, -5.5388e-02, -5.8692e-02,
        -6.4515e-02,  7.2912e-02, -6.2640e-02, -5.8360e-02, -1.0831e-01,
        -5.0543e-02,  5.6929e-02,  5.8439e-03,  2.6100e-04,  1.7554e-02,
        -7.5612e-02, -3.4906e-02,  6.1274e-02,  1.1901e-03,  2.9229e-02,
        -6.9928e-02,  4.8735e-02, -1.5023e-02, -1.3218e-02,  4.9775e-02,
        -1.6388e-02,  3.2111e-02,  5.1277e-03,  1.0322e-03,  1.1101e-02,
         1.6937e-02, -8.1357e-02, -4.0534e-02,  6.3718e-02, -7.0986e-02,
        -7.0489e-02,  9.3171e-03,  1.3559e-02,  4.6222e-02,  1.5060e-02,
         8.3310e-02, -7.0740e-02,  2.2090e-02,  5.7779e-02, -5.2733e-03,
        -1.9855e-02, -3.0865e-02, -7.3304e-02,  2.7620e-02, -2.3033e-02,
         1.3426e-02,  6.9211e-03,  4.6852e-02,  5.2503e-02, -6.9427e-02,
        -5.6750e-03,  8.2529e-02, -8.3451e-03, -7.5025e-02,  4.3515e-03,
        -9.2806e-03,  1.0287e-02,  7.0059e-03, -5.0836e-02,  1.5200e-02,
        -1.7569e-02, -8.3759e-02, -5.7400e-02, -2.8981e-02,  5.7517e-02,
        -1.0737e-02,  2.2610e-02,  1.7280e-02,  4.4408e-02,  2.9251e-02,
         6.2228e-02, -6.4399e-02,  5.0352e-02, -1.7420e-02,  4.1893e-02,
        -9.9476e-02, -2.9612e-02,  3.8545e-02,  4.4467e-02, -8.2674e-02,
        -5.1148e-03,  2.3229e-02,  1.4608e-02,  6.7706e-02,  4.8170e-02,
         8.0674e-02,  2.7715e-02,  3.9743e-02, -3.0809e-02, -1.1672e-01,
        -6.3240e-02,  3.1764e-02,  6.5280e-02,  2.4967e-02, -5.9949e-02,
        -6.3417e-02,  5.8324e-02, -3.0785e-02,  2.7283e-02,  4.8213e-02,
         5.0463e-02, -3.8598e-02,  3.7158e-02, -5.3890e-02, -1.2969e-02,
        -3.9403e-02,  6.1334e-02, -5.0495e-02, -2.4213e-02, -2.9675e-02,
        -4.9204e-02,  7.1174e-02,  2.4814e-02, -2.3401e-02,  3.9924e-03,
         1.0530e-03, -1.2546e-02,  1.7496e-02, -3.9012e-02, -4.6230e-02,
        -1.8017e-02,  1.4678e-02,  1.3893e-02, -3.8102e-02,  2.1482e-02,
         1.4391e-02,  9.1616e-02,  6.5910e-02, -1.3877e-02, -4.1359e-02,
        -8.2313e-03,  1.3707e-02,  2.7049e-02, -2.6460e-02, -3.1785e-02,
        -4.7945e-02,  5.2601e-02,  3.9579e-02,  5.2293e-02, -4.4627e-02,
        -4.0391e-02, -3.1804e-03, -2.3896e-02,  1.0004e-01,  4.2339e-02,
         1.4112e-02, -1.7471e-02,  3.9938e-02,  4.5301e-02, -1.0046e-02,
        -5.2171e-02, -4.2596e-02,  3.6651e-02, -3.0648e-02,  6.6336e-02,
         2.0586e-03,  1.2787e-02, -4.1942e-02,  1.1082e-02,  3.3094e-02,
         3.0497e-02,  4.2984e-02,  1.6591e-02,  7.0404e-02,  1.4062e-01,
        -2.6265e-02, -3.0721e-02,  8.2450e-03,  6.8198e-02, -2.2343e-02,
        -2.5524e-02, -5.4186e-02,  3.0707e-02,  4.1699e-03,  2.8680e-02,
        -1.4678e-02,  4.3853e-02,  5.5723e-03, -1.2482e-02, -4.5652e-02,
         1.8277e-02,  5.2070e-02, -2.4841e-02,  2.2635e-02,  4.2143e-03,
         2.1131e-02,  1.5260e-02,  4.6570e-02,  7.6616e-04, -5.6240e-02,
        -3.2355e-02, -2.2267e-02,  3.6845e-02, -5.7557e-02, -3.6500e-03,
        -4.0602e-02, -2.0545e-02, -7.1121e-02,  2.3896e-02, -3.1710e-02,
        -1.7185e-02, -6.0108e-02,  2.0908e-02, -1.4430e-02,  7.9361e-02,
         5.8859e-02, -4.6340e-02,  6.2677e-02, -1.6066e-02, -5.1193e-02,
         2.6658e-02, -5.9884e-02,  2.2762e-02,  5.6351e-02,  2.8304e-02,
         4.0016e-02,  2.9579e-02,  4.0919e-02, -1.5509e-02, -7.8023e-03,
         1.4319e-02,  1.1068e-03, -5.4537e-02,  2.1973e-02,  7.9710e-02,
        -3.8079e-02, -1.1865e-02, -2.8313e-02,  3.7002e-02,  1.1768e-02,
        -5.5069e-02, -6.5393e-03,  4.7183e-02,  3.9873e-02, -1.0636e-02,
        -1.8216e-02, -1.1301e-02, -2.5927e-02,  1.0927e-02,  5.9966e-02,
         4.1693e-02,  2.0765e-02, -3.5016e-02, -2.1818e-02, -3.5896e-03,
         1.2258e-02,  3.9226e-02, -1.6266e-02, -5.5860e-02,  3.7145e-02,
        -3.2561e-03,  6.7084e-02, -1.0445e-01,  7.9463e-03, -3.8765e-02,
         3.0834e-02, -4.8950e-02,  4.7134e-03,  4.9395e-02,  8.0158e-02,
        -4.4988e-02,  3.2124e-02, -5.2122e-02,  2.9237e-02, -3.2903e-02,
         7.9084e-03, -4.5084e-02,  2.6898e-02, -3.1475e-02,  9.2809e-02,
        -7.3394e-02,  2.6496e-02, -5.1728e-02,  7.4176e-02, -2.7877e-02,
         2.8806e-02, -7.1793e-03, -5.2903e-02,  1.1366e-02,  7.2375e-02,
         6.1515e-02,  5.5703e-02, -8.1508e-02,  5.8153e-02, -8.4159e-02,
         3.1851e-02,  5.6032e-02, -1.4705e-02, -1.0834e-01, -3.6033e-02,
        -5.7148e-02, -3.9193e-02, -7.7637e-02,  3.7089e-02,  1.6368e-02,
        -7.7839e-02, -7.9085e-02, -5.2915e-02, -2.2938e-02, -7.9244e-03,
         2.6730e-02, -4.6374e-02,  1.4612e-03, -7.5445e-02,  8.0370e-03,
        -3.6076e-02, -1.9515e-02,  7.1766e-02,  5.9249e-02, -9.7538e-02,
         2.4664e-02,  7.0882e-02, -7.0579e-04, -5.4765e-02,  1.5346e-02,
        -1.6240e-02,  1.1543e-02,  9.7583e-03,  9.2072e-02,  3.0910e-05,
        -3.6653e-02,  6.1019e-02, -1.5123e-02, -3.0073e-02,  2.8237e-02,
        -3.3299e-02, -5.7377e-02, -3.9888e-02,  7.5360e-03,  5.1269e-03,
         7.3867e-02, -2.4924e-02,  2.2949e-02,  1.2270e-02,  5.8493e-03,
        -2.5738e-02,  6.0030e-02, -3.8938e-02, -7.1961e-02, -5.2432e-03,
        -8.0010e-04,  5.5551e-02, -6.3603e-02,  4.0719e-02, -5.3307e-02,
        -2.6042e-02, -5.2005e-02, -4.0793e-02,  2.7678e-02, -3.3668e-02,
         6.1741e-02, -4.6630e-02,  7.9466e-02, -4.9335e-03, -5.3029e-02,
        -6.1579e-02,  2.0214e-02, -1.0971e-02,  1.1811e-04,  3.0270e-02,
         1.2118e-02,  5.2237e-02, -2.0386e-02, -1.2503e-02,  2.4219e-02,
         3.6974e-02,  2.4862e-02,  4.7406e-02, -5.7155e-02,  1.0208e-01,
         3.9830e-02, -1.0767e-02,  3.8788e-04,  4.5038e-02,  6.0701e-02,
         1.3717e-02, -1.7900e-02,  4.8882e-02,  1.2629e-02, -1.3788e-03,
         9.5871e-05, -1.7252e-02,  3.1980e-02,  2.6949e-02, -9.4121e-02,
        -8.0817e-02,  3.8344e-02,  1.8490e-02,  3.3681e-02, -6.7826e-03,
        -5.1622e-02, -2.1395e-02, -1.6022e-02, -3.9174e-02,  4.6399e-02,
        -1.0421e-02, -4.1624e-02,  8.7795e-03, -6.0313e-02,  7.3415e-03,
        -3.2503e-02, -3.9449e-02, -6.6978e-03,  3.4795e-02, -1.0563e-01,
         5.1626e-02,  3.0170e-03, -9.0225e-03,  2.1739e-03,  6.5693e-02,
         4.1520e-02,  7.3497e-02,  1.3530e-03, -1.2885e-02,  2.5109e-02,
        -5.0083e-03, -1.2037e-01, -2.3706e-02, -5.1776e-02,  2.5658e-02,
        -5.0524e-02, -1.4616e-01, -1.7560e-02,  4.4785e-03, -1.2594e-02,
        -1.1575e-02,  2.6462e-02, -1.4621e-03, -4.7912e-02, -1.0953e-04,
         7.5989e-04,  2.2244e-02,  6.9724e-03, -1.1276e-02,  3.1747e-02,
        -3.2799e-02, -9.2200e-02, -3.2525e-02,  5.2206e-02,  4.6516e-02,
        -6.0369e-02,  1.7423e-02,  3.1301e-02,  1.8220e-02,  3.3506e-02,
         2.4925e-02,  3.1172e-02])","tensor([ 8.4294e-03, -7.8258e-02, -7.5916e-02,  1.8507e-03, -9.2888e-02,
        -1.7551e-02, -3.1778e-02, -1.1014e-02,  5.1807e-02,  1.2738e-02,
        -2.8892e-02,  2.2902e-02,  4.3110e-02,  7.0262e-02, -2.8583e-02,
         4.7962e-02,  3.3395e-02,  1.3485e-02, -3.7236e-02,  7.2743e-02,
        -6.7067e-03,  2.2290e-02,  6.4276e-02,  5.3623e-03, -5.3066e-04,
         2.0133e-02,  1.9766e-02, -6.9594e-02, -5.3429e-02, -1.4306e-02,
         4.3517e-03, -1.8846e-02,  8.5743e-02,  1.2190e-02,  9.6940e-03,
        -3.0902e-03,  2.3066e-02,  3.5738e-02, -3.7617e-02,  2.6397e-02,
        -4.9221e-02,  6.3041e-03,  4.5958e-02, -2.8243e-02,  5.5924e-02,
        -2.9727e-02, -4.1518e-02,  4.1121e-02, -6.4800e-02,  1.1590e-02,
        -5.7484e-02, -8.9935e-03, -1.0737e-02,  3.3919e-02, -2.1219e-02,
         4.9199e-02,  2.7522e-03,  8.0829e-02, -4.1392e-04, -1.7427e-02,
        -2.4423e-02, -3.5883e-02,  5.2272e-02, -5.9490e-02, -7.0563e-02,
        -3.9197e-02,  4.3678e-02, -8.6717e-02, -4.4652e-02, -1.1644e-01,
        -4.1912e-02,  4.7697e-03, -6.8261e-03,  4.9543e-03, -4.0614e-03,
        -1.6953e-02, -2.0387e-03,  5.9328e-02,  1.8057e-02,  3.5335e-02,
        -7.1722e-02,  6.3750e-02,  3.3794e-02, -6.7686e-02,  4.1301e-02,
        -5.8827e-03, -2.8040e-02,  1.2046e-02,  2.3186e-02,  1.3394e-02,
        -1.9572e-02, -6.7387e-02, -4.5150e-02,  3.8124e-02, -9.6080e-03,
        -2.5848e-02,  2.9036e-02,  1.9196e-02,  7.9074e-02, -1.4697e-03,
         7.9328e-02, -4.1595e-02,  2.0706e-02,  6.9279e-03, -4.5649e-02,
        -4.6294e-02, -1.2357e-02, -4.1757e-02, -6.4364e-03, -1.0221e-01,
         2.8163e-02,  3.5735e-02,  5.9415e-02,  3.0262e-02, -3.5343e-02,
        -2.2249e-02,  1.1075e-01,  6.0424e-03, -3.6876e-02, -4.1954e-02,
        -3.6919e-02,  6.6588e-03,  1.2141e-02, -7.4943e-02, -4.2404e-02,
        -6.8323e-03, -1.0757e-01, -6.2372e-02,  1.1292e-02,  2.0588e-02,
        -3.0682e-03, -3.8836e-02,  7.3564e-03,  6.1510e-02,  1.3546e-02,
         2.0449e-02, -5.4687e-02,  4.7377e-03,  4.8160e-03,  3.9623e-02,
        -7.2185e-02, -2.7976e-02,  8.9755e-02, -4.0553e-03, -7.0976e-02,
        -7.7537e-03,  3.2005e-03,  1.6271e-02,  4.6724e-02,  8.6902e-02,
         5.9855e-03,  2.5997e-02,  2.2814e-02,  4.6161e-02, -8.4770e-02,
        -9.7430e-02,  2.5988e-03,  6.4266e-02,  1.7469e-02,  3.6556e-03,
        -7.6834e-02,  1.2272e-01, -5.5385e-02,  1.1571e-02, -4.8207e-03,
         4.5122e-02, -6.8677e-02,  1.6535e-02, -8.4619e-03, -5.0113e-04,
        -1.3283e-02,  4.1427e-02,  1.3243e-02, -1.9570e-02,  2.9567e-02,
        -2.6518e-02, -9.1245e-03, -9.5520e-03, -1.3458e-02, -1.7188e-02,
        -3.0872e-02, -8.7935e-03,  7.6702e-02, -1.9226e-02, -5.1063e-02,
        -1.4909e-03,  3.0593e-02, -1.6936e-02, -5.0113e-02,  4.1500e-02,
         2.4485e-02,  5.9047e-02,  5.2398e-02, -4.4090e-02,  5.0778e-03,
        -1.2135e-02,  2.7791e-02,  1.8208e-02, -4.6943e-02, -3.2439e-02,
        -2.7103e-02,  2.9020e-02,  2.2217e-02,  2.4502e-02, -5.3382e-02,
        -4.8635e-02,  1.5452e-02, -8.1501e-02,  6.2414e-02, -1.1522e-02,
         9.1146e-02, -6.3286e-02,  1.8886e-02,  8.9465e-02,  1.1628e-02,
        -4.7963e-02,  1.1898e-02,  5.1209e-02, -7.6033e-03,  3.0451e-02,
         2.3680e-02,  8.7980e-05, -2.2650e-02,  2.3204e-02,  5.3521e-02,
         3.3815e-04,  2.4083e-02,  1.6297e-02,  2.9481e-02,  1.2113e-01,
        -8.6426e-02, -1.9643e-03,  3.4526e-02,  2.7386e-02, -7.0010e-03,
         6.6420e-03, -2.5454e-02,  1.0489e-02, -1.1178e-02, -4.9625e-03,
        -2.7348e-02,  2.2918e-02, -1.9560e-02, -3.4449e-02, -6.3579e-02,
         6.2762e-02,  2.6061e-02, -1.6229e-02, -8.3223e-03,  3.1066e-02,
         6.1058e-03,  3.5089e-03,  3.2331e-02,  1.9293e-02,  5.9432e-03,
         1.0846e-02, -4.1239e-02,  6.6771e-02, -7.6641e-02, -6.2897e-02,
         2.4392e-02, -1.9561e-02, -4.8970e-02,  1.8785e-02, -1.2613e-02,
        -5.2658e-03, -5.4624e-02,  1.6672e-02, -6.8298e-02,  5.5601e-02,
         6.0675e-02, -5.0168e-02,  3.3648e-02, -4.7713e-02, -1.0641e-01,
         6.3087e-02, -1.2629e-02,  4.1693e-02,  7.1473e-02,  4.2396e-02,
         5.5711e-02,  2.9881e-02,  3.7327e-02,  4.8957e-03, -3.7901e-02,
         3.2818e-02,  7.2007e-03, -6.6809e-03,  1.1948e-02, -6.3204e-03,
        -4.5365e-02, -4.2254e-02, -1.6067e-02,  5.1082e-02,  3.3695e-03,
         2.8117e-03,  1.1226e-02,  5.3911e-02,  5.6179e-02, -9.6419e-02,
        -1.9121e-02, -2.6961e-02, -2.9398e-02,  2.7430e-02,  8.0231e-02,
         5.5953e-02, -2.9707e-02, -7.7030e-02, -1.6534e-02, -2.1832e-03,
        -1.1361e-02,  7.6717e-02,  1.3129e-02, -6.8828e-02,  3.5223e-02,
        -1.0561e-02,  1.2876e-01, -7.1532e-02, -6.6303e-04, -4.8577e-02,
         6.4209e-02, -8.2820e-02,  1.2177e-02,  2.2417e-02,  7.1846e-02,
        -4.9024e-02, -2.3056e-02, -7.1108e-02, -1.0426e-02,  1.2271e-02,
        -3.4550e-03, -5.5356e-02, -1.4285e-03,  1.4557e-02,  6.4568e-02,
        -5.8720e-02, -1.7036e-02, -6.1747e-02,  3.2046e-03, -1.3572e-02,
         5.9750e-02, -1.0916e-02, -5.0068e-02, -5.5509e-02,  3.1599e-02,
         1.0651e-01, -1.0400e-02, -5.0005e-02,  2.8906e-02, -6.8175e-02,
        -6.6948e-02,  6.6256e-02, -3.2406e-02, -6.3327e-02,  4.4442e-02,
        -4.3159e-02, -3.8665e-02, -6.4566e-03,  3.7143e-02, -3.2451e-02,
        -8.1743e-02, -5.7744e-02, -2.0995e-02, -8.0378e-04,  1.9660e-03,
         4.6894e-02,  5.9029e-03, -2.2968e-02, -4.8800e-02,  8.4336e-03,
         4.9089e-03, -3.7374e-02,  4.4629e-02,  1.1366e-02, -6.7988e-02,
         3.4139e-02,  6.3599e-02,  4.4844e-04, -8.9365e-02,  3.7476e-02,
        -1.3954e-02,  4.4317e-02, -1.1606e-02,  1.3105e-02,  4.1845e-03,
        -3.6287e-02,  2.7414e-02,  1.7181e-02, -1.5354e-02,  3.3875e-02,
        -4.3519e-02,  3.0094e-02, -7.9618e-02, -7.1216e-02,  2.2095e-02,
         3.1114e-02, -4.2703e-02,  3.0723e-02,  4.7747e-02, -1.2134e-02,
         7.1709e-03,  4.9936e-02, -1.5071e-02, -6.9700e-02,  1.0536e-02,
         4.8177e-02,  3.5671e-02, -3.5358e-02,  3.8295e-02, -7.0227e-02,
        -5.4526e-03, -3.9631e-02, -1.2933e-03,  2.0239e-02, -1.7263e-02,
         5.2669e-02, -5.5663e-03,  1.1767e-01, -2.4846e-02, -2.6154e-02,
        -1.0487e-01, -9.8906e-03,  3.7321e-03, -2.2129e-02,  2.2236e-02,
        -3.1326e-02,  5.0976e-02, -6.8267e-02, -3.3389e-02,  1.0752e-02,
         1.4010e-02,  1.9532e-02, -1.2282e-02, -8.5229e-02,  7.7990e-02,
         9.3508e-02, -1.3309e-02, -5.5829e-02,  4.3369e-02,  4.4045e-02,
         3.9930e-02, -1.1328e-02,  7.5021e-02, -1.1141e-02,  5.3630e-03,
         1.9637e-02, -1.0759e-02,  2.9483e-02,  2.3355e-02, -6.9657e-02,
        -1.0188e-01, -1.3094e-03,  3.4580e-02,  1.2852e-02, -4.1156e-04,
        -6.0154e-02, -4.3894e-02, -4.3000e-02,  2.6870e-02,  1.5500e-02,
         9.6470e-03, -3.2129e-02, -1.6191e-02, -2.0416e-02, -3.1812e-02,
        -7.4943e-03, -8.6745e-04, -3.1923e-02,  1.3971e-02, -8.5527e-02,
         5.8767e-02,  7.5949e-03, -1.1536e-02, -8.6796e-03,  4.6783e-02,
         4.2389e-02,  4.8188e-02,  2.4951e-02, -2.9325e-02, -1.5611e-02,
        -3.3515e-02, -7.3172e-02, -1.0443e-02, -8.4352e-03,  4.9377e-02,
        -4.4564e-02, -1.3434e-01, -2.4297e-02,  4.7846e-02, -3.0814e-02,
         3.3667e-03,  5.4676e-03, -8.7196e-03, -1.2693e-02, -2.1063e-02,
        -1.5451e-02,  3.7284e-02, -8.8289e-03, -4.1004e-03,  6.9068e-03,
        -6.4555e-02, -8.2759e-02, -7.3984e-02,  3.0916e-02,  5.2836e-02,
        -4.6912e-02,  5.3717e-02,  1.6983e-02,  9.0856e-03,  3.1919e-02,
         6.3779e-02, -2.6017e-02])","tensor([ 0.0239, -0.0170, -0.0376, -0.0681, -0.0104, -0.0799, -0.0428, -0.0079,
         0.0291, -0.0431, -0.1252, -0.0163,  0.0283,  0.0429,  0.0006,  0.0554,
         0.0060, -0.0263, -0.0182,  0.0647,  0.0211,  0.0139,  0.0128,  0.0450,
        -0.0106,  0.0486, -0.0343,  0.0201,  0.0009, -0.0084,  0.0163, -0.0624,
         0.0344, -0.0554, -0.0109, -0.0628,  0.0202,  0.0295, -0.0536, -0.0705,
         0.0272, -0.0678, -0.0276,  0.0028,  0.0435,  0.0085, -0.0079,  0.0311,
        -0.0243, -0.0236,  0.0280,  0.0756,  0.0275,  0.0331, -0.0349, -0.0262,
         0.0874,  0.0848,  0.0350,  0.0477, -0.0080,  0.0317, -0.0098, -0.0626,
        -0.0521, -0.0680,  0.0799, -0.0720, -0.0559, -0.0637, -0.0038,  0.0095,
         0.0233,  0.0272, -0.0031, -0.0722, -0.0210,  0.0405,  0.0489, -0.0186,
         0.0055,  0.0274, -0.0321, -0.0132, -0.0189, -0.0040, -0.0033, -0.0382,
         0.0096,  0.0475,  0.0050, -0.0636, -0.0103,  0.0747, -0.1274, -0.0501,
        -0.0137,  0.0211,  0.0061,  0.0427,  0.1167, -0.0733,  0.0297,  0.0196,
         0.0011, -0.0169, -0.0619, -0.0285,  0.0489,  0.0247,  0.0039,  0.0355,
         0.0107,  0.0083, -0.0351,  0.0032,  0.0171, -0.0244, -0.0408,  0.0242,
         0.0228, -0.0102,  0.0085, -0.0219, -0.0170, -0.0136, -0.1221, -0.0418,
         0.0064,  0.0639, -0.0347,  0.0548, -0.0353,  0.0304, -0.0025,  0.0212,
        -0.0217, -0.0306,  0.0177, -0.0260, -0.0380,  0.0263,  0.0163,  0.0440,
        -0.0652, -0.0380,  0.0075,  0.0148,  0.0146,  0.0393,  0.0227,  0.0768,
         0.0647, -0.0637, -0.1194, -0.0668,  0.0203,  0.0568,  0.0516, -0.0210,
         0.0285,  0.0658, -0.0700,  0.0342,  0.0123,  0.0255,  0.0038,  0.0502,
        -0.0368,  0.0256, -0.0277,  0.0001,  0.0237,  0.0273,  0.0301, -0.0287,
         0.0141, -0.0573,  0.0492, -0.0023, -0.0274,  0.0102, -0.0388,  0.0093,
         0.0048, -0.0601, -0.0205,  0.0201, -0.0121,  0.0143, -0.0343, -0.0237,
         0.0331,  0.0386,  0.0174, -0.0565,  0.0119, -0.0410, -0.0102,  0.0358,
        -0.0094,  0.0470,  0.0854,  0.0318, -0.0531,  0.0419,  0.0278,  0.0094,
         0.0684,  0.0767,  0.0405, -0.0607,  0.0323,  0.0366,  0.0488, -0.0346,
        -0.0844,  0.0501, -0.0944,  0.0518, -0.0074, -0.0076, -0.0235, -0.0014,
         0.0511,  0.0490, -0.0055,  0.0125,  0.0832,  0.0591, -0.0242, -0.0281,
        -0.0293,  0.0474, -0.0214, -0.0580, -0.0522,  0.0026,  0.0259,  0.0238,
         0.0298, -0.0343,  0.0064,  0.0459, -0.0844, -0.0035, -0.0308,  0.0101,
        -0.0593,  0.0263,  0.0887, -0.0208,  0.0129,  0.0384, -0.0478, -0.1017,
         0.0372,  0.0444, -0.0280, -0.0281, -0.0806, -0.0092, -0.0212,  0.0502,
        -0.0503,  0.0184, -0.0061,  0.0427,  0.0112,  0.0826,  0.0099, -0.0148,
         0.0309,  0.1037, -0.0228, -0.0095, -0.0593, -0.0409,  0.0326,  0.0366,
         0.0380,  0.0138,  0.0475,  0.0022,  0.0213,  0.0408, -0.0436, -0.0757,
         0.0677,  0.0709, -0.0088, -0.0228, -0.0402,  0.0588,  0.0062, -0.0326,
         0.0217,  0.0439, -0.0247,  0.0289, -0.0422, -0.0142, -0.0269, -0.0271,
         0.0344,  0.0383,  0.0535,  0.0281, -0.0381, -0.0380, -0.0068, -0.0319,
        -0.0037, -0.0468, -0.0074, -0.0217,  0.0427, -0.0229,  0.0233, -0.0011,
         0.0373, -0.0431,  0.0089, -0.0296,  0.0899, -0.0131,  0.0271, -0.0492,
        -0.0093, -0.0318,  0.0190,  0.0338,  0.0405, -0.1040,  0.0971, -0.0258,
         0.0099, -0.0690,  0.0511, -0.0400,  0.0003, -0.0220, -0.0257, -0.0074,
         0.0550,  0.0623,  0.0685, -0.0661,  0.0016, -0.0755,  0.0645,  0.0555,
         0.0087, -0.0645, -0.0759, -0.0239,  0.0025, -0.0860,  0.0221,  0.0315,
        -0.0646, -0.0155, -0.0177, -0.0873,  0.0129,  0.0624, -0.0165,  0.0063,
        -0.0632,  0.0619, -0.0463, -0.0052,  0.1001,  0.0213, -0.0876,  0.0366,
         0.0748,  0.0124, -0.0361, -0.0037,  0.0092,  0.0506, -0.0155,  0.0551,
        -0.0873,  0.0350,  0.0182, -0.0044, -0.0148, -0.0035, -0.0832, -0.0667,
        -0.0337,  0.0781,  0.0041,  0.0360, -0.0398, -0.0233,  0.0183,  0.0425,
         0.0110,  0.0706, -0.0051, -0.0138,  0.0293,  0.0134,  0.0501, -0.0410,
        -0.0072, -0.1023,  0.0687, -0.0615,  0.0166,  0.0313, -0.0511,  0.0960,
        -0.0579,  0.0337, -0.0490, -0.0309, -0.0356, -0.0028, -0.0187,  0.0108,
         0.0038, -0.0016, -0.0256, -0.0612,  0.0269,  0.0832,  0.0270,  0.0165,
         0.0227, -0.0757,  0.1265,  0.0115,  0.0734,  0.0307,  0.0005,  0.0051,
         0.0212,  0.0054,  0.0025, -0.0031,  0.0048,  0.0390, -0.0628,  0.0084,
         0.0517, -0.0866, -0.0392,  0.0666, -0.0298,  0.0352, -0.0592, -0.0028,
        -0.0178, -0.0164, -0.0171,  0.0137, -0.0150, -0.0084, -0.0035, -0.0521,
         0.0164, -0.0533, -0.0077, -0.0637,  0.0451, -0.0760,  0.0608, -0.0256,
         0.0265, -0.0162,  0.0655,  0.0215,  0.1007, -0.0030,  0.0491,  0.0265,
        -0.0066, -0.0815, -0.0357, -0.0361,  0.0239, -0.0808, -0.0763,  0.0550,
         0.0443, -0.0342,  0.0114,  0.0355,  0.0544, -0.0173, -0.0089, -0.0068,
         0.0007,  0.0622, -0.0370,  0.0169, -0.0372, -0.0334, -0.0088,  0.0854,
         0.0102, -0.0796,  0.0564, -0.0391,  0.0297,  0.0172,  0.0171, -0.0385])","tensor([ 1.7484e-02,  6.4704e-03,  7.9641e-02, -6.5787e-02,  2.1746e-02,
        -5.0344e-02, -2.1905e-02,  2.0922e-02, -1.4776e-02, -5.1703e-02,
        -8.2506e-02,  3.1005e-02,  5.5362e-02,  1.3470e-01,  2.0010e-02,
        -4.3069e-03, -2.0884e-02, -1.2519e-01, -2.5826e-03,  4.2661e-02,
         5.4850e-02,  4.3245e-02, -1.1682e-02,  4.1289e-02,  1.4671e-02,
         4.8820e-02, -4.8076e-02,  1.9368e-02,  1.6045e-02,  3.9970e-02,
        -9.2116e-03, -5.9927e-03, -7.8117e-03,  3.4135e-02, -7.7313e-02,
        -2.1854e-02,  4.0215e-02,  1.2525e-02, -6.1820e-02, -4.6609e-03,
         2.9447e-02, -1.1021e-01, -7.8905e-02,  3.8073e-02, -9.0787e-03,
         2.4118e-02,  3.4680e-02, -4.2081e-02, -1.5181e-02,  2.5068e-02,
         3.5929e-02,  1.1333e-01,  1.1534e-02, -2.6738e-02, -1.6905e-02,
        -5.4855e-02,  3.6541e-02,  7.9577e-02,  5.4026e-03,  8.3804e-02,
         1.2382e-03, -2.9574e-02, -2.3163e-02, -8.6379e-02,  1.2045e-02,
        -4.2359e-02,  6.7565e-02, -1.3061e-02, -1.4248e-02,  1.7263e-02,
         7.5712e-02,  6.1306e-02, -4.8391e-03, -5.0037e-02,  4.2687e-03,
        -7.9813e-03,  8.1031e-04,  3.4869e-03, -1.1116e-02, -9.3447e-03,
        -5.1290e-03, -2.6566e-02, -2.9888e-02, -4.0042e-02,  1.3156e-02,
        -2.0529e-02, -1.8035e-02,  4.0360e-02, -7.4626e-03,  7.1174e-02,
         1.1021e-02, -8.1666e-02, -2.0453e-02,  3.9011e-02, -6.6895e-02,
        -4.2860e-02, -1.0919e-02,  7.1072e-02, -4.1953e-03, -3.3900e-02,
         9.4712e-02, -1.0853e-01,  2.4262e-02, -5.3178e-02,  2.8594e-02,
         1.8798e-02, -4.8852e-02,  2.2384e-02,  2.1708e-02,  2.1418e-02,
        -1.4414e-02,  4.4635e-02, -1.4227e-02,  4.1832e-02, -7.0728e-02,
        -6.9910e-03, -1.1902e-03, -5.4178e-02, -1.2653e-02,  2.9450e-02,
         3.3190e-02,  6.2939e-03, -4.2313e-02, -4.7049e-02, -5.6450e-02,
         6.8186e-05, -6.4758e-02, -7.3808e-03,  6.8437e-03,  6.6766e-02,
        -3.7694e-02,  5.2160e-03, -4.7841e-02,  3.3628e-02,  1.3704e-02,
        -2.1367e-02,  3.9874e-03, -3.1491e-02,  1.2328e-02, -6.2255e-02,
        -6.9475e-03,  2.3485e-02,  4.4734e-02, -8.9857e-03, -6.4166e-02,
        -3.9441e-02,  3.8094e-02,  2.9604e-02,  3.4800e-03,  1.0801e-02,
         2.5735e-03,  3.7786e-02, -4.6735e-03, -1.7411e-03, -4.6972e-02,
        -5.6908e-02,  1.5104e-03,  3.7148e-02,  5.4629e-02, -1.8870e-02,
         2.3065e-02,  7.8807e-02, -8.1301e-03, -1.1149e-02, -1.3237e-02,
        -1.3549e-02, -4.7649e-03, -2.2954e-02, -8.0544e-03,  3.2534e-02,
        -3.5010e-02,  2.1687e-02,  4.5314e-02,  3.1322e-02,  4.8075e-02,
        -5.8340e-02,  2.9686e-02, -2.4839e-02,  7.1585e-02,  7.3225e-02,
         2.6462e-04,  1.6153e-02, -9.0144e-02,  2.1564e-02,  9.2666e-02,
        -4.0276e-02, -1.6953e-02,  7.3590e-03,  8.0652e-03,  1.2010e-02,
        -7.7428e-02, -5.0373e-02,  5.8859e-02, -2.0264e-02, -2.9274e-02,
        -3.7902e-02,  7.5944e-02, -1.0402e-02, -4.2427e-02,  5.4459e-02,
         8.5166e-02,  2.2663e-02,  1.1392e-01,  6.0241e-02, -3.2384e-02,
         2.9197e-02,  2.2117e-02,  5.9890e-03, -1.2686e-02,  5.5505e-02,
        -2.2168e-02, -4.6978e-03, -6.5344e-02,  9.1433e-02,  4.6953e-02,
        -3.5735e-02, -3.2604e-02, -2.3757e-02, -8.1444e-02, -2.8776e-03,
        -2.5889e-02, -1.6242e-02, -3.3013e-02, -4.4942e-02,  5.0729e-02,
         3.7503e-02, -1.5252e-02, -2.3201e-02,  1.0343e-01,  1.7608e-02,
         2.8744e-02, -7.8303e-02, -3.0707e-02,  5.8708e-02, -7.0193e-02,
        -5.3885e-02, -6.1651e-02, -1.0667e-02, -4.7272e-02,  4.3306e-02,
         6.9853e-02,  4.6917e-03, -4.5803e-02, -1.1776e-02, -7.2029e-02,
        -8.6264e-03, -5.0285e-02,  4.6878e-02, -8.5269e-02, -7.1972e-03,
         1.1072e-01, -4.4954e-02,  2.0012e-02,  4.3276e-02, -2.8804e-02,
        -4.7985e-02, -1.0237e-02,  1.1303e-02, -3.6267e-02,  2.6279e-02,
        -2.7729e-02, -4.3174e-02,  4.3818e-02,  5.3213e-02, -8.0573e-02,
         5.8348e-02, -1.8809e-02, -5.7336e-02,  4.0115e-02,  8.4430e-02,
         1.9014e-02, -1.6631e-02, -5.0498e-03,  5.5183e-02,  2.8753e-02,
         3.9562e-02, -9.5784e-04, -4.5139e-02, -3.6167e-03,  6.1985e-02,
         3.8237e-02,  1.8147e-02,  4.2776e-02, -1.1933e-02,  9.8912e-04,
        -3.8110e-02, -6.0083e-02, -1.0291e-01,  2.7170e-03,  2.2233e-02,
        -2.8933e-02,  1.7464e-02,  1.4286e-02,  1.0762e-02,  1.5164e-02,
        -6.4038e-02,  1.3201e-02, -1.4136e-02, -6.4528e-03,  1.1832e-02,
        -9.0568e-03,  3.2999e-02, -1.1754e-02, -2.6860e-02, -1.9428e-02,
         7.7065e-03,  6.3846e-02,  6.9434e-02,  3.8962e-03, -5.4464e-02,
         2.0866e-02, -2.1464e-02, -1.4685e-02, -1.9751e-02, -3.9367e-02,
         1.6408e-02,  5.8475e-02, -4.3215e-03, -1.4814e-02,  5.8384e-02,
         1.0467e-01, -3.8904e-02,  3.5294e-02, -2.7227e-02,  4.8072e-02,
        -1.5175e-02,  7.2129e-02, -5.6414e-02, -2.9766e-02, -2.6828e-02,
        -5.8123e-03, -1.1724e-02,  1.0737e-01, -9.2038e-02,  3.9313e-02,
        -8.2168e-03,  3.4945e-02, -1.8370e-02,  8.2664e-02, -4.6236e-02,
         4.9492e-02,  6.1702e-03, -4.4946e-02,  2.1319e-02,  4.2407e-02,
        -5.3660e-03,  6.7285e-03, -1.2336e-02, -2.1124e-02, -1.0981e-01,
         5.0228e-02,  3.6464e-02, -3.3819e-02, -6.9258e-02, -6.1664e-02,
         1.1811e-03,  2.2532e-02, -3.7662e-02,  1.3443e-02,  4.9616e-02,
        -6.3644e-02,  3.3944e-02, -8.5948e-03, -1.6041e-02, -5.2679e-02,
         3.1007e-02, -4.0568e-02, -3.7074e-02, -2.9706e-02,  3.0162e-02,
        -5.1104e-02, -5.0853e-02,  4.6879e-02,  3.7656e-02, -2.9388e-02,
         5.9623e-02,  1.6566e-02,  3.7561e-02,  1.6843e-03, -1.7996e-02,
         4.1249e-02,  3.5713e-02,  1.3556e-02,  1.2939e-01, -1.4473e-02,
         1.1112e-02,  2.0347e-02,  6.2607e-03, -2.9350e-02,  1.1805e-02,
        -4.0048e-02, -8.7269e-02, -1.7294e-02,  4.3450e-02,  7.7949e-02,
         1.7400e-02, -5.0447e-02, -4.7475e-02,  4.5621e-02,  4.7132e-02,
        -1.0849e-02,  7.9528e-02, -3.2977e-03,  9.1305e-03,  6.9279e-03,
        -2.1122e-02,  6.5338e-03,  1.0689e-02, -8.7460e-03, -1.2089e-01,
         7.4806e-02, -3.6949e-02,  1.1240e-02,  1.2061e-02, -1.3110e-02,
         7.4349e-02, -2.1231e-03,  1.7250e-02, -3.0962e-02, -1.3781e-02,
        -2.0370e-02,  5.5355e-02, -2.5327e-02, -2.8511e-02, -2.6397e-02,
        -7.3104e-02, -3.2315e-02, -5.2067e-02,  2.5816e-02,  4.6611e-02,
         4.2819e-02,  2.0814e-02, -5.2803e-03, -3.6616e-02,  4.5051e-02,
        -4.5264e-02,  7.9757e-02,  7.4454e-02, -7.6887e-03,  1.8677e-02,
        -1.1719e-02,  1.8765e-02, -4.3762e-02, -3.1295e-02,  5.4917e-05,
         7.7420e-02, -1.0659e-01,  1.1167e-02,  3.8507e-02, -3.0988e-02,
         6.6694e-02,  7.0268e-02, -3.4160e-02,  4.1366e-02, -3.3870e-03,
        -3.0396e-03,  8.6166e-03, -3.0315e-02, -2.5251e-02,  9.9624e-02,
         1.2724e-02,  2.6508e-02,  1.2590e-02, -9.7306e-03,  6.3157e-03,
        -7.3493e-02, -1.0601e-02, -4.5849e-03, -1.7370e-02, -5.4577e-02,
         2.4929e-02,  2.0513e-04, -4.5884e-03,  2.8093e-03,  1.4418e-02,
        -3.4917e-02,  1.0044e-01,  3.1548e-04,  3.9325e-02,  1.3186e-02,
        -3.9933e-02, -9.7175e-02, -4.8944e-02, -2.6518e-02,  6.4859e-03,
        -6.3926e-02,  6.9682e-03,  4.8473e-02,  2.0391e-03, -4.5270e-03,
        -5.0747e-02, -9.9355e-05,  4.6577e-02, -3.2122e-02,  1.8831e-02,
         5.9476e-02, -3.9677e-02,  2.5614e-02, -7.1786e-03,  1.7739e-02,
        -9.7688e-03, -3.9833e-02,  3.1665e-02,  6.3997e-03,  1.6362e-02,
        -7.1503e-02,  2.1642e-02, -1.0802e-01, -2.3078e-02,  8.1738e-03,
         7.1291e-02,  2.0235e-02])"
